{
  "captured_at": 1783777113.4319112,
  "timings": {
    "db_load": 0.15256119996774942,
    "service_registration": 0.0073162000044249,
    "plugin_load": 0.00017659994773566723,
    "agent_load": 0.0002878000377677381,
    "scheduler_start": 0.0010000999900512397,
    "total": 0.16134890000103042
  },
  "initial_memory_mb": 13935.375,
  "idle_cpu_percent": 78.6,
  "plugin_count": 1,
  "agent_count": 2
}