{
  "captured_at": 1783787036.242912,
  "timings": {
    "db_load": 0.15988500003004447,
    "service_registration": 0.0063467000145465136,
    "plugin_load": 0.00011879997327923775,
    "agent_load": 0.00022610003361478448,
    "scheduler_start": 0.0009682000381872058,
    "total": 0.16755140002351254
  },
  "initial_memory_mb": 11219.2734375,
  "idle_cpu_percent": 0.0,
  "plugin_count": 1,
  "agent_count": 2
}