{
  "captured_at": 1784390130.2822726,
  "timings": {
    "db_load": 0.4352962000120897,
    "service_registration": 0.03181549999862909,
    "plugin_load": 0.00013870000839233398,
    "agent_load": 0.0003274999908171594,
    "scheduler_start": 0.0011494999926071614,
    "total": 0.4687316000054125
  },
  "initial_memory_mb": 13197.16796875,
  "idle_cpu_percent": 0.0,
  "plugin_count": 1,
  "agent_count": 2
}