{
  "captured_at": 1783793014.4567869,
  "timings": {
    "db_load": 0.22723999997833744,
    "service_registration": 0.012031299993395805,
    "plugin_load": 0.00030149996746331453,
    "agent_load": 0.00042260001646354795,
    "scheduler_start": 0.0012145000509917736,
    "total": 0.2412186999572441
  },
  "initial_memory_mb": 13728.75,
  "idle_cpu_percent": 0.0,
  "plugin_count": 1,
  "agent_count": 2
}