{
  "captured_at": 1784299014.9160705,
  "timings": {
    "db_load": 1.1898521000039182,
    "service_registration": 0.023308699994231574,
    "plugin_load": 0.00019109999993816018,
    "agent_load": 0.00033370000164723024,
    "scheduler_start": 0.000980599994363729,
    "total": 1.2146729000014602
  },
  "initial_memory_mb": 10691.00390625,
  "idle_cpu_percent": 0.0,
  "plugin_count": 1,
  "agent_count": 2
}