{
  "captured_at": 1784458821.1577635,
  "timings": {
    "db_load": 1.197338199999649,
    "service_registration": 0.024386699980823323,
    "plugin_load": 0.00011490000179037452,
    "agent_load": 0.00020539999241009355,
    "scheduler_start": 0.000669400003971532,
    "total": 1.222717199998442
  },
  "initial_memory_mb": 14445.12109375,
  "idle_cpu_percent": 0.0,
  "plugin_count": 1,
  "agent_count": 2
}