{
  "captured_at": 1784380739.382009,
  "timings": {
    "db_load": 0.13250259999767877,
    "service_registration": 0.32348580000689253,
    "plugin_load": 0.0029590000049211085,
    "agent_load": 0.021066299988888204,
    "scheduler_start": 0.0012002000003121793,
    "total": 0.48122000000148546
  },
  "initial_memory_mb": 15241.26953125,
  "idle_cpu_percent": 0.0,
  "plugin_count": 1,
  "agent_count": 2
}